{
    "accuracy": 88.26025724411011,
    "precision": 0.8924393653869629,
    "recall": 0.8826025128364563,
    "f1_score": 0.8815120458602905,
    "roc_auc": 0.9971880912780762
}