{
    "accuracy": 88.68458271026611,
    "precision": 0.8956168293952942,
    "recall": 0.8868458271026611,
    "f1_score": 0.886513888835907,
    "roc_auc": 0.9969555139541626
}