{
    "accuracy": 85.85572838783264,
    "precision": 0.8617451190948486,
    "recall": 0.8585573434829712,
    "f1_score": 0.8552727699279785,
    "roc_auc": 0.9952338933944702
}