{
    "accuracy": 99.64639544487,
    "precision": 0.996492326259613,
    "recall": 0.9964639544487,
    "f1_score": 0.9964581727981567,
    "roc_auc": 0.99997878074646
}