{
    "accuracy": 55.682629346847534,
    "precision": 0.6162421703338623,
    "recall": 0.5568262934684753,
    "f1_score": 0.5292788743972778,
    "roc_auc": 0.9680930376052856
}