{
    "accuracy": 98.5855758190155,
    "precision": 0.9862711429595947,
    "recall": 0.985855758190155,
    "f1_score": 0.9858577251434326,
    "roc_auc": 0.9999129772186279
}