{
    "accuracy": 82.95615315437317,
    "precision": 0.8360120058059692,
    "recall": 0.8295615315437317,
    "f1_score": 0.8221068382263184,
    "roc_auc": 0.9931000471115112
}